idAluno;Turma;Tutor;AcertoPreTeste;AcertoPosTeste;qtdAcertosP1;AcertoP1;qtdErrosP1;ErroP1;TempoGastoP1 (s);TempoMedioP1 (s);AutoAvaliacao;AvaliacaoJogo;qtdAcertosP2;AcertoP2;qtdErrosP2;ErroP2;TempoGastoP2 (s);TempoMedioP2 (s);AutoAvaliacao;AvaliacaoJogo;MaiorNoticiaRespondida (char);AvaliacaoQuestionario (media);AvaliacaoAvatartIABel (media);AvaliacaoQuestionario (desvio padrão);AvaliacaoAvatartIABel (devio padrão);qtdPergEconomiaP1;qtdPergEducacaoP1;qtdPergPoliticaP1;qtdPergSaudePublicaP1;qtdPergSegurancaP1;qtdPergTecnologiaP1;AcertosEconomiaP1;AcertosEducacaoP1;AcertosPoliticaP1;AcertosSaudePublicaP1;AcertosSegurancaP1;AcertosTecnologiaP1;TempoEsperadoLeituraP1 (s);Diferença;DesvioPadrãoP1;VariaçãoTempoPadrãoP1_200 (s);qtdPergEconomiaP2;qtdPergEducacaoP2;qtdPergPoliticaP2;qtdPergSaudePublicaP2;qtdPergSegurancaP2;qtdPergTecnologiaP2;AcertosEconomiaP2;AcertosEducacaoP2;AcertosPoliticaP2;AcertosSaudePublicaP2;AcertosSegurancaP2;AcertosTecnologiaP2;TempoEsperadoLeituraP2 (s);Diferença;DesvioPadrãoP2;VariaçãoTempoPadrãoP2_200 (s);;
Aluno 1 ;2002;Sim;85%;95%;41;71%;17;29%;347,21;5,99;Casual;Avançado;38;73%;14;27%;253,11;4,87;Avançado;Avançado;294;0,33;1,83;1,30;0,41;33%;5%;41%;9%;2%;9%;89%;67%;54%;40%;100%;100%;296;51,21;36,21;12,7;15%;12%;42%;4%;4%;23%;75%;83%;82%;100%;50%;67%;207;46,11;32,60;26,6;;
Aluno 2;2002;Sim;50%;60%;32;74%;11;26%;306,05;7,12;Casual;Proplayer;41;85%;7;15%;321,24;6,69;Avançado;Proplayer;259;1,83;1,83;0,39;0,41;28%;12%;35%;7%;2%;5%;67%;100%;80%;67%;100%;100%;200;106,05;74,99;24,4;38%;13%;27%;4%;6%;13%;78%;83%;77%;100%;100%;83%;225;96,24;68,05;60,6;;
Aluno 3;2002;Sim;55%;75%;27;77%;8;23%;294,54;8,42;Casual;Avançado;37;76%;12;24%;409,27;8,35;Iniciante;Avançado;309;0,50;0,67;0,80;0,82;20%;20%;37%;3%;3%;14%;100%;86%;54%;100%;100%;80%;197;97,54;68,97;104,4;20%;8%;16%;4%;0%;14%;100%;75%;88%;100%;0%;86%;304;105,27;74,44;104,6;;
Aluno 4;2002;Sim;65%;80%;15;65%;8;35%;369,67;16,07;Proplayer;Proplayer;33;83%;7;17%;245,38;6,13;Proplayer;Proplayer;294;0,58;1,83;1,56;0,41;35%;4%;39%;9%;4%;9%;50%;100%;67%;50%;100%;100%;111;258,67;182,91;32,6;38%;10%;40%;8%;0%;5%;93%;100%;75%;67%;0%;50%;223;22,38;15,83;22,7;;
Aluno 5;2001;Sim;90%;65%;31;82%;7;18%;415,42;10,93;Iniciante;Proplayer;34;85%;6;15%;511,33;12,78;Proplayer;Proplayer;259;0,25;0,17;1,66;0,75;18%;8%;37%;11%;3%;21%;86%;100%;71%;75%;100%;88%;198;217,42;153,74;119,7;15%;20%;30%;8%;3%;25%;83%;100%;83%;67%;100%;90%;202;309,33;218,73;155,7;;
Aluno 6;2001;Sim;40%;60%;19;61%;12;39%;225,31;7,27;Iniciante ;Avançado;24;75%;8;25%;342,41;10,70;Iniciante;Avançado;209;1,42;1,67;0,79;0,52;23%;6%;16%;0%;3%;3%;43%;100%;40%;0%;100%;100%;189;36,31;25,68;89,0;16%;19%;59%;13%;0%;9%;80%;100%;63%;75%;0%;67%;209;133,41;94,34;71,2;;
Aluno 7;2001;Sim;80%;55%;27;63%;16;37%;248,79;5,79;Casual;Avançado;32;74%;11;26%;324,57;7,55;Noob;Avançado;291;1,75;1,50;0,45;0,55;23%;5%;42%;12%;5%;12%;70%;100%;44%;100%;50%;80%;199;49,79;35,21;77,1;30%;7%;28%;5%;2%;2%;85%;100%;75%;50%;100%;100%;201;123,57;87,38;62,3;;
Aluno 8;2001;Sim;50%;75%;33;73%;12;27%;408,83;9,09;Noob;Avançado;37;70%;16;30%;511,83;9,66;Avançado;Avançado;294;1,17;0,67;1,11;0,52;31%;16%;29%;7%;2%;16%;71%;71%;69%;67%;33%;71%;218;190,83;134,94;55,3;30%;8%;40%;8%;4%;11%;75%;50%;71%;50%;100%;67%;283;228,83;161,81;155,9;;
Aluno 9;2001;Sim;65%;50%;34;78%;12;22%;265,27;5,77;Iniciante;Avançado;25;74%;9;26%;293,08;8,62;Avançado;Avançado;273;1,75;2,00;0,87;0,00;33%;7%;46%;7%;2%;13%;87%;100%;62%;67%;0%;100%;262;3,270;2,31;201,7;24%;6%;50%;12%;9%;9%;75%;100%;53%;50%;100%;100%;175;118,08;83,50;46,5;;
Aluno 10;2001;Sim;60%;55%;31;70%;13;30%;439,39;9,99;Iniciante;Avançado;29;71%;12;29%;386,17;9,42;Avançado;Avançado;306;1,83;1,83;0,39;0,41;7%;11%;5%;16%;5%;2%;33%;100%;50%;86%;100%;100%;219;220,39;155,84;22,7;37%;10%;41%;2%;2%;15%;73%;100%;65%;100%;100%;50%;194;192,17;135,88;93,1;;
Aluno 11;2001;Sim;80%;70%;29;76%;9;24%;378,06;9,95;Noob;Avançado;33;75%;11;25%;394,76;8,97;Iniciante;Avançado;273;1,83;2,00;0,39;0,00;3%;5%;50%;3%;3%;18%;100%;50%;47%;100%;100%;43%;175;203,06;143,59;96,6;11%;9%;23%;5%;2%;5%;40%;50%;100%;50%;100%;50%;229;165,76;117,21;97,4;;
Aluno 12;2001;Sim;50%;65%;36;84%;7;16%;354,17;8,24;Noob;Avançado;28;68%;13;32%;421,64;10,28;Proplayer;Avançado;291;2,00;2,00;0,00;0,00;21%;7%;21%;5%;0%;12%;100%;100%;100%;0%;0%;100%;223;131,17;92,75;47,0;29%;7%;29%;2%;0%;15%;67%;100%;67%;0%;0%;100%;217;204,64;144,70;110,8;;
Aluno 13;2001;Sim;75%;60%;12;48%;13;52%;310,53;12,42;Iniciante;Iniciante;21;53%;19;47%;496,96;12,42;Casual;Casual;299;0,50;0,00;0,90;0,00;24%;12%;32%;8%;8%;12%;83%;67%;13%;50%;50%;67%;148;162,53;114,93;118,0;23%;13%;20%;3%;3%;10%;89%;80%;88%;100%;100%;100%;216;280,96;198,67;148,5;;
Aluno 14;2003;Sim;65%;70%;40;85%;7;15%;603,32;12,84;Casual;Proplayer;27;84%;5;16%;276,15;8,63;Proplayer;Proplayer;270;1,67;1,83;0,49;0,41;19%;4%;47%;11%;2%;17%;89%;100%;91%;60%;0%;88%;235;368,32;260,44;22,3;28%;6%;41%;3%;0%;22%;78%;100%;92%;100%;0%;71%;150;126,15;89,20;38,1;;
Aluno 15;2003;Sim;75%;60%;33;83%;7;17%;245,41;6,14;Proplayer;Avançado;40;71%;16;29%;436,34;7,79;Proplayer;Avançado;220;0,00;1,83;1,21;0,41;50%;13%;48%;5%;10%;15%;45%;100%;84%;100%;75%;83%;192;53,41;37,77;65,2;21%;14%;29%;5%;5%;25%;75%;75%;69%;33%;67%;64%;268;168,34;119,03;118,2;;
Aluno 16;2003;Sim;50%;85%;28;88%;4;12%;393,19;12,29;Iniciante;Proplayer;37;90%;4;10%;232,25;5,66;Proplayer;Proplayer;309;1,17;2,00;1,27;0,00;22%;6%;41%;6%;3%;22%;86%;100%;85%;50%;100%;100%;176;217,19;153,58;105,7;27%;15%;41%;2%;0%;15%;91%;100%;94%;0%;0%;67%;214;18,25;12,90;16,1;;
Aluno 17;2003;Sim;45%;90%;29;91%;3;9%;294,04;9,19;Iniciante;Proplayer;33;87%;5;13%;188,22;4,95;Proplayer;Proplayer;282;1,50;2,00;0,80;0,00;22%;3%;47%;6%;6%;16%;86%;100%;93%;100%;50%;80%;169;125,04;88,42;-1,0;26%;5%;45%;11%;3%;11%;80%;100%;88%;75%;100%;100%;185;3,22;2,28;-5,9;;
Aluno 18;2002;Sim;70%;85%;28;88%;4;13%;436,02;13,63;Iniciante;Proplayer;30;91%;3;9%;241,35;7,31;Iniciante;Proplayer;273;1,58;1,67;0,67;0,52;25%;3%;38%;9%;3%;22%;75%;100%;92%;67%;100%;100%;184;252,02;178,21;120,8;24%;15%;48%;0%;3%;9%;75%;100%;94%;0%;100%;100%;184;57,35;40,55;20,7;;
Aluno 19;2002;Sim;75%;80%;29;91%;3;9%;244,69;7,65;Avançado;Proplayer;32;86%;5;14%;314,57;8,50;Iniciante;Proplayer;352;1,50;0,83;0,67;0,41;41%;6%;31%;0%;9%;13%;92%;50%;90%;0%;100%;100%;165;79,69;56,35;40,2;13%;5%;32%;3%;8%;16%;75%;100%;83%;100%;67%;83%;179;135,57;95,86;57,3;;
Aluno 20;2002;Sim;70%;70%;31;82%;7;18%;330,38;8,69;Iniciante;Proplayer;25;81%;6;19%;175,35;5,66;Casual;Proplayer;291;0,58;0,50;1,56;0,55;34%;3%;32%;8%;3%;21%;92%;100%;67%;67%;100%;88%;182;148,38;104,92;101,0;35%;3%;32%;10%;0%;19%;73%;100%;80%;67%;0%;100%;148;27,35;19,34;-12,3;;
Aluno 21;2002;Sim;75%;70%;28;82%;6;18%;411,46;12,10;Iniciante;Avançado;37;79%;10;21%;310,02;6,60;Casual;Avançado;354;0,00;0,83;1,28;0,41;32%;0%;44%;0%;6%;18%;64%;0%;93%;0%;100%;83%;152;259,46;183,47;44,6;30%;2%;40%;13%;0%;15%;64%;100%;95%;33%;0%;100%;239;71,02;50,22;55,0;;
Aluno 22;2003;Sim;65%;65%;28;68%;13;32%;198,02;4,83;Iniciante;Proplayer;26;84%;5;16%;316,12;10,20;Iniciante;Proplayer;324;1,58;1,17;0,51;0,75;34%;5%;34%;5%;2%;20%;64%;100%;64%;50%;0%;88%;222;-23,98;16,96;-42,3;35%;6%;32%;13%;0%;13%;82%;100%;100%;50%;0%;75%;173;143,12;101,20;58,1;;
Aluno 23;2003;Sim;85%;80%;25;74%;9;26%;441,69;12,99;Iniciante;Avançado;28;78%;8;22%;409,02;11,36;Noob;Avançado;309;1,42;1,17;0,79;0,75;32%;9%;24%;12%;3%;18%;82%;100%;63%;75%;0%;67%;178;263,69;186,46;51,2;33%;3%;28%;11%;6%;19%;83%;100%;70%;75%;50%;86%;228;181,02;128,00;104,5;;
Aluno 24;2003;Sim;75%;75%;31;69%;14;31%;280,31;6,23;Noob;Avançado;29;76%;9;24%;213,65;5,62;Iniciante;Avançado;215;1,00;0,67;0,60;0,52;33%;7%;31%;7%;4%;18%;73%;67%;71%;33%;50%;75%;219;61,31;43,35;103,0;24%;18%;32%;5%;0%;21%;78%;86%;67%;50%;0%;63%;183;30,65;21,67;6,8;;
Aluno 25;2003;Sim;70%;75%;48;79%;13;21%;402,02;6,59;Iniciante;Avançado;29;76%;9;24%;147,35;3,88;Casual;Avançado;299;1,25;1,17;0,75;0,75;21%;8%;44%;7%;2%;18%;85%;100%;74%;50%;100%;82%;330;72,02;50,93;33,9;32%;8%;29%;5%;3%;21%;75%;100%;45%;50%;0%;88%;222;-74,65;52,79;-26,3;;
Aluno 26;2002;Não;50%;35%;31;78%;9;22%;289,24;7,23;Casual;Proplayer;36;81%;8;19%;307,03;6,98;Avançado;Proplayer;299;1,17;N/A;1,40;N/A;43%;15%;28%;15%;5%;20%;47%;50%;55%;50%;50%;63%;261;28,24;19,97;3,0;36%;9%;34%;7%;5%;11%;63%;100%;67%;67%;50%;100%;228;79,03;55,88;53,5;;
Aluno 27;2002;Não;75%;75%;26;63%;15;37%;115,37;2,81;Avançado;Avançado;28;76%;9;24%;176,45;4,77;Iniciante;Avançado;234;0,25;N/A;1,36;N/A;34%;7%;32%;7%;2%;17%;86%;67%;92%;100%;100%;86%;193;-77,63;54,89;43,0;30%;11%;43%;0%;0%;16%;82%;75%;75%;0%;0%;100%;186;-9,55;6,75;-11,8;;
Aluno 28;2002;Não;65%;75%;30;75%;10;25%;302,43;7,56;Proplayer;Avançado;41;79%;11;21%;493,23;9,49;Avançado;Avançado;270;1,58;N/A;0,51;N/A;18%;18%;35%;8%;8%;15%;57%;71%;64%;33%;67%;50%;275;27,43;19,40;74,6;21%;6%;58%;0%;2%;13%;55%;67%;67%;0%;100%;71%;308;185,23;130,98;146,6;;
Aluno 29;2002;Não;70%;65%;35;88%;5;12%;406,05;10,15;Casual;Proplayer;36;84%;7;16%;428,67;9,97;Proplayer;Proplayer;205;-0,33;N/A;1,23;N/A;35%;10%;38%;3%;5%;15%;100%;50%;53%;0%;100%;100%;194;212,05;149,94;57,3;26%;5%;35%;5%;0%;12%;82%;100%;87%;100%;0%;60%;210;218,67;154,62;114,3;;
Aluno 30;2002;Não;65%;65%;31;79%;8;21%;267,76;6,87;Iniciante;Proplayer;39;87%;6;13%;377,53;8,39;Avançado;Proplayer;294;1,25;N/A;0,75;N/A;31%;21%;33%;10%;8%;26%;50%;50%;85%;50%;67%;70%;208;59,76;42,26;94,3;31%;4%;38%;7%;2%;18%;79%;100%;53%;33%;0%;88%;223;154,53;109,27;88,8;;
Aluno 31;2002;Não;70%;60%;26;74%;9;26%;205,98;5,89;Casual;Avançado;27;68%;13;32%;205,87;5,15;Avançado;Avançado;299;-0,08;N/A;1,24;N/A;57%;14%;31%;14%;0%;17%;45%;60%;82%;80%;0%;83%;187;18,98;13,42;36,7;43%;8%;40%;5%;10%;13%;59%;33%;69%;0%;75%;40%;232;-26,13;18,48;2,9;;
Aluno 32;2002;Não;70%;70%;32;65%;17;35%;286,02;5,84;Iniciante;Avançado;30;68%;14;32%;523,91;11,91;Casual;Avançado;249;0,00;N/A;1,54;N/A;27%;12%;37%;4%;0%;18%;69%;67%;72%;100%;0%;44%;234;52,02;36,78;47,4;27%;16%;32%;7%;5%;14%;75%;71%;57%;100%;100%;50%;237;286,91;202,88;162,0;;
Aluno 33;2002;Não;65%;75%;28;72%;11;28%;349,27;8,96;Casual;Avançado;35;70%;15;30%;523,02;10,46;Avançado;Avançado;273;0,75;N/A;1,48;N/A;21%;5%;56%;3%;0%;3%;63%;100%;73%;100%;0%;100%;182;167,27;118,28;88,4;28%;18%;30%;10%;8%;23%;82%;71%;67%;50%;67%;78%;243;280,02;198,00;161,5;;
Aluno 34;2002;Não;65%;50%;36;77%;11;23%;314,52;6,69;Iniciante;Avançado;31;76%;10;24%;267,34;6,52;Proplayer;Avançado;253;1,33;N/A;0,78;N/A;53%;17%;60%;9%;6%;19%;76%;75%;89%;75%;100%;78%;228;86,52;61,18;70,4;24%;15%;32%;7%;5%;17%;80%;83%;69%;33%;100%;71%;219;48,34;34,18;33,7;;
Aluno 35;2002;Não;50%;55%;27;75%;9;25%;388,65;10,80;Iniciante;Proplayer;35;80%;9;20%;386,12;8,78;Avançado;Proplayer;249;1,17;N/A;1,19;N/A;28%;11%;33%;14%;3%;8%;70%;100%;58%;80%;100%;100%;190;198,65;140,47;46,6;34%;9%;30%;2%;5%;9%;87%;100%;69%;0%;100%;75%;239;147,12;104,03;93,1;;
Aluno 36;2003;Não;75%;65%;29;67%;13;33%;273,38;6,51;Casual;Avançado;36;67%;18;33%;523,74;9,70;Casual;Avançado;299;1,08;N/A;1,16;N/A;27%;17%;40%;8%;2%;21%;71%;78%;52%;50%;0%;55%;237;36,38;25,72;102,0;26%;17%;26%;14%;7%;10%;82%;86%;64%;67%;67%;100%;301;222,74;157,50;161,9;;
Aluno 37;2003;Não;75%;65%;27;84%;5;16%;294,79;9,21;Casual;Proplayer;43;86%;7;14%;482,36;9,65;Proplayer;Proplayer;270;0,17;N/A;1,03;N/A;31%;13%;19%;16%;0%;19%;70%;100%;83%;100%;0%;83%;156;138,79;98,14;124,1;16%;6%;22%;6%;2%;14%;88%;100%;82%;33%;100%;86%;295;187,36;132,48;141,2;;
Aluno 38;2003;Não;70%;80%;38;70%;16;30%;376,81;6,98;Casual;Avançado;23;68%;11;32%;219,61;6,46;Avançado;Avançado;240;1,08;N/A;1,24;N/A;33%;10%;38%;2%;2%;19%;82%;80%;70%;0%;100%;50%;256;120,81;85,43;7,7;35%;18%;29%;3%;6%;18%;75%;83%;90%;100%;100%;83%;204;15,61;11,04;9,8;;
Aluno 39;2003;Não;75%;80%;42;82%;9;18%;340,78;6,68;Iniciante;Proplayer;38;84%;7;16%;287,52;6,39;Iniciante;Proplayer;312;1,25;N/A;0,75;N/A;24%;2%;41%;8%;4%;12%;75%;100%;71%;50%;50%;100%;244;96,78;68,43;62,4;27%;11%;42%;9%;2%;13%;83%;100%;68%;75%;100%;83%;250;37,52;26,53;43,8;;
Aluno 40;2003;Não;60%;75%;34;69%;14;31%;293,22;6,11;Casual;Avançado;32;71%;13;29%;325,04;7,22;Avançado;Avançado;306;1,17;N/A;1,34;N/A;23%;4%;29%;2%;2%;10%;73%;50%;93%;100%;100%;80%;239;54,22;38,34;28,4;22%;13%;20%;2%;0%;13%;70%;100%;89%;100%;0%;100%;219;106,04;74,98;62,5;;
Aluno 41;2003;Não;70%;80%;41;79%;10;21%;404,08;7,92;Casual;Avançado;27;68%;13;33%;324,56;8,11;Proplayer;Avançado;312;1,33;N/A;1,56;N/A;20%;4%;27%;2%;4%;10%;80%;50%;86%;100%;100%;80%;247;157,08;111,07;-10,7;20%;5%;38%;8%;0%;15%;88%;100%;80%;67%;0%;100%;214;110,56;78,18;62,3;;
Aluno 42;2003;Não;55%;75%;30;63%;18;37%;448,25;9,34;Iniciante;Proplayer;32;84%;6;16%;386,11;10,16;Avançado;Proplayer;291;0,42;N/A;1,31;N/A;25%;6%;44%;4%;4%;15%;50%;100%;62%;100%;50%;57%;265;183,25;129,58;3,2;37%;0%;24%;5%;3%;11%;93%;0%;100%;50%;0%;100%;162;224,11;158,47;93,1;;
Aluno 43;2003;Não;75%;70%;41;82%;9;18%;215,43;4,31;Noob;Proplayer;35;81%;8;19%;217,32;5,05;Iniciante;Proplayer;293;1,58;N/A;1,16;N/A;24%;18%;24%;6%;0%;10%;92%;78%;58%;67%;0%;80%;254;-38,57;27,27;110,5;23%;19%;28%;7%;7%;16%;90%;75%;75%;67%;100%;86%;208;9,32;6,59;8,7;;
Aluno 44;2001;Não;90%;90%;26;84%;5;16%;324,78;10,48;Avançado;Proplayer;33;83%;7;18%;178,45;4,46;Casual;Proplayer;294;1,42;N/A;0,79;N/A;52%;16%;58%;16%;6%;23%;88%;80%;83%;80%;100%;71%;217;107,78;76,21;43,7;20%;10%;28%;13%;3%;13%;88%;75%;100%;100%;100%;100%;255;-76,55;54,13;-10,8;;
Aluno 45;2001;Não;60%;65%;38;76%;12;24%;256,89;5,14;Iniciante;Avançado;43;75%;14;25%;351,02;6,16;Iniciante;Avançado;215;1,50;N/A;0,80;N/A;28%;18%;30%;4%;4%;16%;79%;78%;73%;50%;100%;75%;242;14,89;10,53;78,1;19%;11%;39%;4%;5%;23%;73%;83%;73%;50%;67%;85%;305;46,02;32,54;75,5;;
Aluno 46;2001;Não;70%;60%;27;79%;7;21%;178,56;5,25;Casual;Avançado;32;74%;11;26%;276,87;6,44;Iniciante;Avançado;273;0,25;N/A;1,60;N/A;26%;23%;35%;0%;6%;10%;63%;86%;73%;0%;100%;33%;165;13,56;9,59;99,2;26%;16%;36%;5%;2%;16%;82%;86%;67%;100%;0%;57%;230;46,87;33,14;38,4;;
Aluno 47;2001;Não;80%;85%;36;84%;7;16%;206,35;4,80;Casual;Proplayer;28;88%;4;13%;201,34;6,29;Casual;Proplayer;324;0,92;N/A;1,00;N/A;21%;9%;37%;7%;2%;23%;89%;100%;88%;67%;100%;80%;209;-2,65;1,87;-17,5;28%;22%;28%;3%;6%;13%;89%;100%;89%;100%;50%;75%;177;24,34;17,21;0,7;;
Aluno 48;2001;Não;65%;75%;43;84%;8;16%;421,04;8,26;Noob;Avançado;26;79%;7;21%;265,51;8,05;Noob;Avançado;270;1,50;N/A;0,67;N/A;31%;24%;51%;4%;4%;18%;69%;75%;81%;100%;100%;78%;248;173,04;122,36;3,7;18%;15%;30%;6%;3%;23%;67%;80%;70%;0%;100%;57%;181;84,51;59,76;32,8;;
Aluno 49;2001;Não;50%;60%;27;84%;5;16%;287,43;8,98;Casual;Proplayer;24;80%;6;20%;128,43;4,28;Iniciante;Proplayer;362;0,83;N/A;0,94;N/A;38%;6%;41%;9%;16%;19%;58%;50%;77%;100%;80%;100%;198;89,43;63,24;97,7;27%;7%;57%;7%;3%;17%;38%;100%;100%;50%;100%;80%;186;-57,57;40,71;-35,8;;
Aluno 50;2001;Não;80%;85%;39;76%;12;24%;356,21;6,98;Iniciante;Avançado;28;74%;10;26%;247,54;6,51;Iniciante;Avançado;294;0,08;N/A;1,08;N/A;14%;12%;47%;6%;4%;18%;71%;67%;75%;33%;100%;67%;246;110,21;77,93;63,2;24%;16%;26%;5%;8%;21%;67%;83%;70%;50%;33%;63%;203;44,54;31,49;23,8;;
Aluno 51;3003;Sim;60%;75%;30;88%;4;12%;398,35;11,72;Casual;Proplayer;30;94%;2;6%;238,02;7,44;Proplayer;Proplayer;291;1,75;1,67;0,45;0,52;24%;0%;38%;6%;12%;21%;88%;0%;92%;50%;75%;100%;175;223,35;157,93;-42,7;38%;13%;25%;0%;6%;19%;83%;100%;100%;0%;100%;100%;176;62,02;43,85;19,0;;
Aluno 52;3003;Sim;75%;90%;37;82%;8;18%;165,02;3,67;Iniciante;Proplayer;27;87%;4;13%;87,69;2,83;Proplayer;Proplayer;276;0,17;1,67;1,11;0,52;33%;2%;40%;11%;2%;11%;80%;100%;83%;60%;100%;100%;232;-66,98;47,36;6,5;26%;10%;42%;13%;0%;10%;75%;100%;100%;50%;0%;100%;168;-80,31;56,79;-56,2;;
Aluno 53;3003;Sim;85%;70%;24;86%;4;14%;207,35;7,41;Proplayer;Proplayer;33;92%;3;8%;305,35;8,48;Noob;Proplayer;293;1,42;1,17;0,79;0,75;29%;11%;25%;7%;4%;25%;88%;100%;71%;100%;0%;100%;172;35,35;25,00;-28,1;36%;11%;22%;14%;6%;11%;85%;100%;88%;100%;100%;100%;178;127,35;90,05;52,7;;
Aluno 54;3003;Sim;85%;75%;32;91%;3;9%;395,48;11,30;Proplayer;Proplayer;30;75%;10;25%;469,69;11,74;Casual;Avançado;299;0,58;1,67;1,44;0,52;20%;14%;26%;9%;9%;23%;86%;100%;78%;67%;33%;75%;204;191,48;135,40;133,7;28%;18%;38%;5%;0%;13%;73%;71%;87%;50%;0%;60%;215;254,69;180,09;134,8;;
Aluno 55;3003;Sim;65%;75%;30;81%;7;19%;326,35;8,82;Avançado;Proplayer;28;93%;2;7%;218,69;7,29;Proplayer;Proplayer;294;2,00;2,00;0,00;0,00;32%;11%;32%;16%;5%;3%;75%;75%;75%;100%;100%;100%;186;140,35;99,24;208,8;37%;10%;27%;13%;7%;7%;91%;100%;100%;100%;100%;50%;167;51,69;36,55;9,3;;
Aluno 56;3003;Sim;75%;70%;26;90%;3;10%;114,69;3,95;Casual;Proplayer;30;86%;5;14%;124,35;3,55;Casual;Proplayer;282;2,00;2,00;0,00;0,00;17%;3%;45%;3%;0%;28%;100%;100%;77%;100%;0%;100%;146;-31,31;22,14;62,2;26%;11%;40%;9%;0%;14%;78%;100%;93%;33%;0%;100%;176;-51,65;36,52;-37,8;;
Aluno 57;3003;Sim;85%;75%;24;92%;2;8%;213,02;8,19;Casual;Proplayer;31;97%;1;3%;182,02;5,69;Casual;Proplayer;299;2,00;2,00;0,00;0,00;38%;8%;23%;4%;4%;23%;100%;100%;100%;0%;100%;83%;142;71,02;50,22;13,4;38%;9%;28%;9%;6%;9%;92%;100%;100%;100%;100%;100%;189;-6,98;4,94;-9,0;;
Aluno 58;3003;Sim;75%;55%;27;84%;5;16%;143,73;4,49;Casual;Proplayer;34;81%;8;19%;169,35;4,03;Casual;Proplayer;299;2,00;2,00;0,00;0,00;25%;3%;28%;16%;6%;22%;63%;100%;100%;100%;50%;86%;158;-14,27;10,09;-10,8;29%;12%;36%;7%;0%;17%;67%;80%;93%;67%;0%;86%;207;-37,65;26,62;-15,3;;
Aluno 59;3003;Sim;75%;65%;31;89%;4;11%;467,35;13,35;Casual;Proplayer;30;94%;2;6%;201,69;6,30;Proplayer;Proplayer;291;0,92;1,00;1,16;0,89;26%;3%;46%;0%;3%;23%;100%;100%;81%;0%;100%;88%;204;263,35;186,22;55,2;19%;3%;38%;13%;6%;22%;100%;0%;100%;75%;100%;100%;184;17,69;12,51;0,8;;
Aluno 60;3003;Sim;60%;75%;37;73%;14;27%;617,69;12,11;Iniciante;Avançado;28;85%;5;15%;304,02;9,21;Avançado;Proplayer;282;1,75;1,83;0,45;0,41;31%;6%;45%;6%;4%;8%;69%;100%;70%;67%;100%;75%;285;332,69;235,25;103,1;23%;7%;35%;2%;0%;9%;70%;100%;87%;100%;0%;100%;152;152,02;107,49;52,0;;
Aluno 61;3003;Sim;70%;75%;29;71%;12;29%;324,35;7,91;Iniciante;Avançado;25;81%;6;19%;190,47;6,14;Proplayer;Proplayer;218;1,92;2,00;0,29;0,00;39%;13%;48%;3%;3%;26%;82%;75%;80%;0%;0%;50%;209;115,35;81,56;33,7;23%;10%;35%;10%;3%;19%;86%;67%;100%;67%;0%;67%;138;52,47;37,10;-4,8;;
Aluno 62;3003;Sim;80%;65%;28;74%;10;26%;226,70;5,97;Casual;Avançado;25;81%;6;19%;140,69;4,54;Casual;Proplayer;249;2,00;2,00;0,00;0,00;39%;3%;39%;3%;5%;11%;87%;100%;67%;0%;50%;75%;170;56,7;40,09;-39,7;26%;3%;32%;19%;3%;16%;100%;100%;70%;50%;100%;100%;168;-27,31;19,31;-29,7;;
Aluno 63;3002;Sim;60%;65%;12;55%;10;45%;178,32;8,11;Casual;Iniciante;23;72%;9;28%;319,21;9,98;Avançado;Avançado;277;1,42;2,00;0,79;0,00;45%;0%;32%;14%;5%;5%;70%;0%;57%;33%;0%;0%;119;59,32;41,95;32,8;28%;19%;28%;3%;3%;19%;67%;83%;100%;100%;100%;100%;173;146,21;103,39;59,6;;
Aluno 64;3006;Sim;50%;65%;29;76%;9;24%;310,35;8,17;Iniciante;Avançado;26;72%;10;28%;202,69;5,63;Casual;Avançado;354;-2,42;1,33;1,38;1,21;32%;11%;37%;0%;8%;13%;75%;100%;57%;0%;67%;60%;184;126,35;89,34;3,8;19%;11%;47%;6%;6%;11%;57%;75%;76%;50%;0%;50%;192;10,69;7,56;1,3;;
Aluno 65;3006;Sim;40%;75%;32;70%;14;30%;406,26;8,83;Iniciante;Avançado;21;70%;9;30%;308,35;10,28;Casual;Avançado;312;0,58;1,83;1,08;0,41;29%;8%;29%;8%;8%;18%;64%;67%;73%;67%;0%;71%;223;183,26;129,58;104,7;25%;14%;33%;8%;3%;17%;67%;60%;75%;33%;0%;67%;161;147,35;104,19;54,2;;
Aluno 66;3006;Sim;75%;90%;29;83%;6;17%;267,47;7,64;Casual;Proplayer;33;79%;9;21%;392,67;9,35;Casual;Avançado;252;1,75;1,83;0,45;0,41;29%;3%;37%;17%;3%;11%;70%;100%;92%;67%;100%;100%;186;81,47;57,61;26,5;26%;2%;57%;5%;2%;7%;55%;100%;83%;100%;100%;100%;215;177,67;125,63;96,3;;
Aluno 67;3006;Sim;70%;65%;30;86%;5;14%;120,68;3,45;Avançado;Proplayer;39;83%;8;17%;164,71;3,50;Casual;Proplayer;294;1,33;1,33;1,56;1,63;14%;6%;60%;3%;3%;14%;60%;100%;90%;100%;100%;80%;227;-106,32;75,18;69,5;19%;6%;40%;4%;6%;23%;56%;67%;95%;100%;67%;82%;250;-85,29;60,31;-17,6;;
Aluno 68;3006;Sim;70%;80%;29;83%;6;17%;265,54;7,59;Proplayer;Proplayer;34;92%;3;8%;248,86;6,73;Iniciante;Proplayer;309;2,00;2,00;0,00;0,00;23%;9%;37%;6%;3%;23%;100%;67%;77%;100%;0%;88%;177;88,54;62,61;97,2;32%;8%;38%;11%;5%;5%;92%;100%;93%;100%;50%;100%;211;37,86;26,77;24,4;;
Aluno 69;3006;Sim;65%;60%;25;78%;7;22%;207,69;6,49;Proplayer;Avançado;23;82%;5;18%;144,09;5,15;Iniciante;Proplayer;276;-3,00;1,33;0,00;1,21;25%;22%;34%;3%;0%;16%;63%;100%;64%;100%;0%;100%;168;39,69;28,07;61,2;46%;7%;25%;4%;0%;18%;92%;50%;86%;100%;0%;60%;136;8,09;5,72;-28,0;;
Aluno 70;3006;Sim;70%;90%;35;69%;16;31%;409,35;8,03;Casual;Avançado;28;64%;16;36%;223,69;5,08;Casual;Avançado;309;1,75;1,33;0,45;0,52;24%;12%;39%;8%;4%;14%;75%;83%;70%;75%;50%;43%;264;145,35;102,78;8,3;36%;5%;32%;5%;2%;20%;63%;100%;57%;50%;0%;78%;238;-14,31;10,12;11,8;;
Aluno 71;3006;Sim;70%;80%;30;86%;5;14%;253,02;7,23;Iniciante;Proplayer;28;82%;6;18%;92,69;2,73;Casual;Proplayer;250;0,83;1,17;1,11;0,75;29%;9%;43%;3%;3%;14%;80%;100%;87%;100%;0%;100%;169;84,02;59,41;106,1;26%;12%;29%;12%;3%;18%;100%;75%;80%;50%;0%;100%;207;-114,31;80,83;-53,7;;
Aluno 72;3006;Sim;70%;70%;43;88%;6;12%;339,02;6,92;Iniciante;Proplayer;32;86%;5;14%;173,69;4,69;Iniciante;Proplayer;294;1,08;1,17;1,38;0,75;29%;14%;37%;16%;0%;4%;93%;86%;83%;88%;0%;100%;269;70,02;49,51;171,8;22%;11%;49%;11%;5%;3%;75%;75%;100%;75%;50%;100%;187;-13,31;9,41;-13,2;;
Aluno 73;3006;Sim;70%;80%;30;63%;18;38%;394,35;8,22;Noob;Avançado;23;74%;8;26%;138,38;4,46;Iniciante;Avançado;294;0,83;1,83;0,94;0,41;27%;10%;31%;15%;4%;13%;46%;60%;67%;57%;50%;100%;286;108,35;76,62;155,6;29%;10%;42%;0%;0%;19%;78%;67%;77%;0%;0%;67%;155;-16,62;11,75;-30,8;;
Aluno 74;3006;Sim;85%;90%;36;88%;5;12%;322,35;7,86;Casual;Proplayer;36;95%;2;5%;172,69;4,54;Casual;Proplayer;309;-1,42;-1,83;0,79;0,41;29%;7%;27%;5%;10%;22%;100%;100%;82%;100%;75%;78%;242;80,35;56,82;88,4;18%;5%;47%;5%;3%;21%;100%;100%;89%;100%;100%;100%;193;-20,31;14,36;-13,7;;
Aluno 75;3001;Sim;65%;65%;32;71%;13;29%;216,69;4,82;Avançado;Avançado;30;60%;20;40%;210,35;4,21;Casual;Iniciante;270;0,25;1,00;1,60;0,89;29%;11%;38%;7%;0%;16%;46%;100%;76%;33%;0%;100%;242;-25,31;17,90;43,6;28%;4%;48%;8%;4%;8%;71%;50%;46%;75%;50%;100%;254;-43,65;30,87;5,2;;
Aluno 76;3001;Não;65%;85%;26;76%;8;24%;412,11;12,12;Proplayer;Avançado;31;86%;5;14%;387,27;10,76;Proplayer;Proplayer;354;1,42;N/A;0,67;N/A;26%;9%;38%;3%;3%;21%;67%;67%;54%;0%;100%;57%;186;226,11;159,88;103,4;33%;11%;25%;8%;6%;17%;92%;75%;78%;67%;100%;67%;217;170,27;120,40;93,6;;
Aluno 77;3001;Não;75%;85%;36;84%;7;16%;543,51;12,64;Proplayer;Proplayer;28;88%;4;12%;296,32;9,26;Avançado;Proplayer;274;1,08;N/A;0,79;N/A;44%;9%;19%;5%;2%;21%;84%;100%;88%;50%;100%;89%;221;322,51;228,05;49,2;25%;16%;28%;6%;9%;16%;75%;100%;89%;50%;100%;80%;164;132,32;93,56;48,2;;
Aluno 78;3001;Não;50%;75%;32;82%;7;18%;511,23;13,11;Casual;Proplayer;27;84%;5;16%;267,45;8,36;Noob;Proplayer;220;0,83;N/A;0,94;N/A;10%;15%;41%;3%;5%;22%;75%;83%;88%;0%;100%;75%;187;324,23;229,27;89,3;19%;13%;50%;6%;0%;13%;83%;100%;88%;50%;0%;75%;153;114,45;80,93;33,7;;
Aluno 79;3001;Não;85%;90%;35;88%;5;12%;376,87;9,42;Iniciante;Proplayer;40;91%;4;9%;437,86;9,95;Casual;Proplayer;293;1,75;N/A;0,62;N/A;35%;10%;35%;5%;8%;8%;100%;75%;86%;50%;100%;67%;193;183,87;130,02;33,9;36%;9%;20%;9%;7%;18%;100%;100%;89%;100%;67%;100%;214;223,86;158,29;118,9;;
Aluno 80;3001;Não;35%;65%;29;78%;8;22%;287,21;7,76;Casual;Avançado;30;65%;16;35%;321,45;6,99;Casual;Avançado;274;1,08;N/A;1,31;N/A;27%;8%;30%;16%;8%;11%;90%;100%;64%;67%;67%;100%;206;81,21;57,42;70,9;33%;4%;46%;7%;2%;9%;73%;50%;57%;67%;100%;75%;243;78,45;55,47;60,7;;
Aluno 81;3006;Não;55%;60%;26;44%;33;56%;406,72;6,89;Avançado;Casual;31;70%;13;30%;287,91;6,54;Iniciante;Avançado;309;1,58;N/A;0,51;N/A;31%;12%;29%;5%;3%;20%;67%;57%;59%;33%;0%;58%;296;110,72;78,29;188,1;25%;14%;30%;7%;5%;20%;64%;67%;69%;33%;100%;78%;239;48,91;34,58;44,0;;
Aluno 82;3006;Não;45%;60%;28;80%;7;20%;298,33;8,52;Avançado;Proplayer;35;88%;5;12%;293,45;7,34;Noob;Proplayer;299;1,67;N/A;0,49;N/A;37%;3%;37%;3%;0%;20%;85%;100%;69%;100%;0%;86%;186;112,33;79,43;77,3;28%;3%;33%;13%;8%;18%;100%;100%;85%;80%;67%;86%;212;81,45;57,59;46,7;;
Aluno 83;3006;Não;40%;65%;36;82%;8;18%;378,59;8,60;Iniciante;Proplayer;41;79%;11;21%;307,54;5,91;Avançado;Avançado;249;0,92;N/A;0,79;N/A;43%;7%;30%;2%;2%;16%;95%;67%;62%;100%;0%;100%;233;145,59;102,95;106,7;23%;10%;48%;4%;2%;15%;75%;100%;72%;100%;100%;88%;248;59,54;42,10;53,8;;
Aluno 84;3006;Não;60%;55%;28;76%;9;24%;267,89;7,24;Casual;Avançado;27;79%;7;21%;178,67;5,26;Avançado;Avançado;294;1,50;N/A;0,52;N/A;35%;11%;32%;8%;0%;14%;77%;75%;92%;100%;0%;67%;206;61,89;43,76;7,7;26%;12%;29%;15%;3%;15%;75%;50%;90%;80%;100%;80%;182;-3,33;2,35;-10,7;;
Aluno 85;3006;Não;65%;60%;33;92%;3;8%;341,87;9,50;Noob;Proplayer;35;83%;7;17%;511,54;12,18;Casual;Proplayer;254;1,08;N/A;0,67;N/A;28%;17%;36%;3%;0%;17%;70%;83%;77%;100%;0%;83%;174;167,87;118,70;15,5;33%;12%;36%;2%;2%;14%;86%;100%;87%;100%;0%;67%;204;307,54;217,46;155,8;;
Aluno 86;3006;Não;50%;65%;22;54%;19;46%;576,21;14,05;Iniciante;Iniciante;17;57%;13;43%;387,21;12,91;Proplayer;Iniciante;390;0,17;N/A;0,72;N/A;32%;7%;27%;12%;2%;20%;62%;67%;36%;100%;0%;50%;230;346,21;244,81;81,8;27%;3%;43%;3%;7%;17%;63%;0%;46%;100%;0%;100%;172;215,21;152,18;93,6;;
Aluno 87;3003;Não;70%;70%;27;77%;8;23%;354,56;10,13;Iniciante;Avançado;33;87%;5;13%;185,18;4,87;Proplayer;Proplayer;282;-0,67;N/A;0,89;N/A;17%;14%;37%;6%;0%;26%;67%;80%;77%;50%;0%;89%;165;189,56;134,04;14,0;50%;8%;32%;3%;3%;5%;95%;100%;75%;100%;100%;50%;187;-1,82;1,29;-7,4;;
Aluno 88;3003;Não;70%;75%;31;74%;11;26%;413,31;9,84;Avançado;Avançado;27;75%;9;25%;347,89;9,66;Casual;Avançado;219;-0,17;N/A;1,19;N/A;36%;7%;33%;12%;2%;10%;80%;100%;93%;60%;100%;75%;217;196,31;138,81;71,5;22%;14%;36%;6%;3%;19%;63%;80%;69%;50%;100%;71%;169;178,89;126,49;73,9;;
Aluno 89;3003;Não;55%;75%;26;76%;8;24%;215,32;6,33;Noob;Avançado;28;76%;9;24%;120,02;3,24;Iniciante;Avançado;294;2,00;N/A;0,00;N/A;26%;3%;35%;12%;12%;12%;100%;100%;75%;50%;50%;75%;167;48,32;34,17;-37,0;32%;5%;24%;22%;0%;16%;75%;50%;33%;75%;0%;67%;210;-89,98;63,63;-40,0;;
Aluno 90;3003;Não;70%;65%;43;78%;12;22%;231,02;4,20;Casual;Avançado;33;94%;2;6%;134,05;3,83;Avançado;Proplayer;309;0,17;N/A;1,19;N/A;31%;2%;49%;2%;2%;15%;65%;100%;78%;100%;100%;100%;299;-67,98;48,07;60,2;29%;11%;34%;9%;6%;11%;90%;100%;92%;100%;100%;100%;190;-55,95;39,56;-33,0;;
Aluno 91;3003;Não;70%;70%;37;80%;9;20%;363,69;7,91;Casual;Proplayer;30;81%;7;19%;173,02;4,68;Noob;Proplayer;250;1,42;N/A;0,79;N/A;28%;11%;33%;9%;7%;13%;92%;80%;73%;100%;67%;67%;245;118,69;83,93;-29,8;27%;11%;41%;5%;3%;14%;80%;100%;87%;50%;0%;80%;196;-22,98;16,25;-13,5;;
Aluno 92;3003;Não;65%;60%;31;84%;6;16%;228,04;6,16;Iniciante;Proplayer;27;82%;6;18%;156,69;4,75;Casual;Proplayer;309;1,75;N/A;0,62;N/A;14%;5%;49%;14%;5%;14%;80%;100%;83%;60%;100%;100%;191;37,04;26,19;29,9;36%;15%;27%;6%;3%;12%;58%;80%;100%;100%;100%;100%;170;-13,31;9,41;-21,7;;
Aluno 93;3003;Não;65%;70%;31;89%;4;11%;343,02;9,80;Proplayer;Proplayer;26;87%;4;13%;159,02;5,30;Iniciante;Proplayer;252;0,92;N/A;1,62;N/A;37%;9%;37%;0%;9%;11%;77%;100%;92%;0%;100%;75%;187;156,02;110,32;-30,1;37%;10%;40%;0%;7%;7%;91%;100%;75%;0%;100%;100%;150;9,02;6,38;-20,5;;
Aluno 94;3003;Não;65%;65%;28;62%;17;38%;126,07;2,80;Avançado;Avançado;24;67%;12;33%;68,35;1,90;Iniciante;Avançado;309;2,00;N/A;0,00;N/A;40%;7%;27%;4%;4%;18%;56%;100%;42%;100%;50%;88%;222;-95,93;67,83;76,8;19%;3%;44%;17%;3%;14%;86%;0%;88%;67%;0%;100%;178;-109,65;77,53;-65,8;;
Aluno 95;3006;Não;75%;60%;29;81%;7;19%;320,38;8,90;Casual;Proplayer;31;79%;8;21%;227,69;5,84;Proplayer;Avançado;362;1,67;N/A;1,15;N/A;36%;8%;31%;6%;3%;17%;85%;67%;82%;100%;100%;67%;174;146,38;103,51;-17,6;31%;3%;41%;5%;8%;13%;75%;100%;88%;50%;67%;80%;183;44,69;31,60;13,8;;
Aluno 96;3006;Não;55%;70%;32;76%;10;24%;140,35;3,34;Casual;Avançado;28;80%;7;20%;78,69;2,25;Avançado;Avançado;362;0,00;N/A;1,13;N/A;31%;5%;31%;7%;12%;14%;62%;50%;77%;100%;80%;100%;253;-112,65;79,66;-100,0;34%;3%;51%;6%;3%;9%;75%;0%;78%;50%;100%;100%;210;-131,31;92,85;-60,7;;
Aluno 97;3006;Não;80%;85%;27;90%;3;10%;259,70;8,66;Iniciante;Proplayer;47;92%;4;8%;299,02;5,86;Avançado;Proplayer;299;1,42;N/A;1,08;N/A;47%;10%;23%;3%;7%;10%;93%;100%;86%;100%;100%;67%;158;101,7;71,91;-100,0;22%;10%;39%;8%;4%;18%;100%;60%;90%;75%;100%;100%;283;16,02;11,33;49,5;;
Aluno 98;3001;Não;80%;65%;28;85%;5;15%;139,74;4,23;Iniciante;Proplayer;40;75%;13;25%;221,02;4,17;Proplayer;Avançado;352;1,83;N/A;0,39;N/A;27%;15%;39%;3%;0%;15%;56%;60%;62%;0%;0%;60%;160;-20,26;14,33;-100,0;32%;15%;28%;6%;4%;15%;76%;63%;60%;33%;100%;63%;284;-62,98;44,53;10,5;;
Aluno 99;3001;Não;75%;70%;46;78%;13;22%;353,69;5,99;Casual;Avançado;30;88%;4;12%;148,35;4,36;Iniciante;Proplayer;229;0,75;N/A;0,87;N/A;31%;7%;34%;7%;3%;19%;67%;100%;90%;100%;100%;55%;306;47,69;33,72;-100,0;29%;15%;35%;9%;3%;9%;80%;100%;92%;100%;0%;100%;168;-19,65;13,89;-25,8;;
Aluno 100;3001;Não;75%;80%;33;89%;4;11%;164,73;4,45;Avançado;Proplayer;38;90%;4;10%;102,69;2,45;Iniciante;Proplayer;276;1,33;N/A;0,78;N/A;41%;8%;24%;8%;5%;14%;80%;100%;100%;100%;50%;100%;179;-14,27;10,09;-100,0;31%;7%;38%;12%;0%;12%;92%;100%;88%;80%;0%;100%;200;-97,31;68,81;-48,7;;
;;;;;;;;;;;;;;;;;;;;;;;;;;;;;;;;;;;;;;;;;;;;;;;;;;;;;;;;;;;
;;;;;;;;;;;;;;;;;;;;;;;;;;;;;;;;;;;;;;;;;;;;;;;;;;;;;;;;;;;
;;;;;;;;;;;;;;;;;;;;;;;;;;;;;;;;;;;;;;;;;;;;;;;;;;;;55%;83%;;;;;;
;;;;;;;;;;;;;;;;;;;;;;;;;;;;;;;;;;;;;;;;;;;;;;;;;;;;;;;;;;;
;;;;;;;;;;;;;;;;;;;;;;;;;;;;;;;;;;;;;;;;;;;;;;;;;;;;;;;;;;;
;;;;;;;;;;;;;;;;;;;;;;;;;;;;;;;;;;;;;;;;;;;;;;;;;;;;;;;;;;;
;;;;;;;;;;;;;;;;;;;;;;;;;;;;;;;;;;;;;;;;;;;;;;;;;;;;;;;;;;;
;;;;;;;;;;;;;;;;;;;;;;;;;;;;;;;;;;;;;;;;;;;;;;;;;;;;;;;;;;;
;;;;;;;;;;;;;;;;;;;;;;;;;;;;;;;;;;;;;;;;;;;;;;;;;;;;;;;;;;;
;;;;;;;;;;;;;;;;;;;;;;;;;;;;;;;;;;;;;;;;;;;;;;;;;;;;;;;;;;;
;;;;;;;;;;;;;;;;;;;;;;;;;;;;;;;;;;;;;;;;;;;;;;;;;;;;;;;;;;;
;;;;;;;;;;;;;;;;;;;;;;;;;;;;;;;;;;;;;;;;;;;;;;;;;;;;;;;;;;;
;;;;;;;;;;;;;;;;;;;;;;;;;;;;;;;;;;;;;;;;;;;;;;;;;;;;;;;;;;;
;;;;;;;;;;;;;;;;;;;;;;;;;;;;;;;;;;;;;;;;;;;;;;;;;;;;;;;;;;;
;;;;;;;;;;;;;;;;;;;;;;;;;;;;;;;;;;;;;;;;;;;;;;;;;;;;;;;;;;;
;;;;;;;;;;;;;;;;;;;;;;;;;;;;;;;;;;;;;;;;;;;;;;;;;;;;;;;;;;;
;;;;;;;;;;;;;;;;;;;;;;;;;;;;;;;;;;;;;;;;;;;;;;;;;;;;;;;;;;;
;;;;;;;;;;;;;;;;;;;;;;;;;;;;;;;;;;;;;;;;;;;;;;;;;;;;;;;;;;;
;;;;;;;;;;;;;;;;;;;;;;;;;;;;;;;;;;;;;;;;;;;;;;;;;;;;;;;;;;;
;;;;;;;;;;;;;;;;;;;;;;;;;;;;;;;;;;;;;;;;;;;;;;;;;;;;;;;;;;;
;;;;;;;;;;;;;;;;;;;;;;;;;;;;;;;;;;;;;;;;;;;;;;;;;;;;;;;;;;;
;;;;;;;;;;;;;;;;;;;;;;;;;;;;;;;;;;;;;;;;;;;;;;;;;;;;;;;;;;;
;;;;;;;;;;;;;;;;;;;;;;;;;;;;;;;;;;;;;;;;;;;;;;;;;;;;;;;;;;;
;;;;;;;;;;;;;;;;;;;;;;;;;;;;;;;;;;;;;;;;;;;;;;;;;;;;;;;;;;;
;;;;;;;;;;;;;;;;;;;;;;;;;;;;;;;;;;;;;;;;;;;;;;;;;;;;;;;;;;;
;;;;;;;;;;;;;;;;;;;;;;;;;;;;;;;;;;;;;;;;;;;;;;;;;;;;;;;;;;;
;;;;;;;;;;;;;;;;;;;;;;;;;;;;;;;;;;;;;;;;;;;;;;;;;;;;;;;;;;;
;;;;;;;;;;;;;;;;;;;;;;;;;;;;;;;;;;;;;;;;;;;;;;;;;;;;;;;;;;;
;;;;;;;;;;;;;;;;;;;;;;;;;;;;;;;;;;;;;;;;;;;;;;;;;;;;;;;;;;;
;;;;;;;;;;;;;;;;;;;;;;;;;;;;;;;;;;;;;;;;;;;;;;;;;;;;;;;;;;;
;;;;;;;;;;;;;;;;;;;;;;;;;;;;;;;;;;;;;;;;;;;;;;;;;;;;;;;;;;;
;;;;;;;;;;;;;;;;;;;;;;;;;;;;;;;;;;;;;;;;;;;;;;;;;;;;;;;;;;;
;;;;;;;;;;;;;;;;;;;;;;;;;;;;;;;;;;;;;;;;;;;;;;;;;;;;;;;;;;;
;;;;;;;;;;;;;;;;;;;;;;;;;;;;;;;;;;;;;;;;;;;;;;;;;;;;;;;;;;;
;;;;;;;;;;;;;;;;;;;;;;;;;;;;;;;;;;;;;;;;;;;;;;;;;;;;;;;;;;;
;;;;;;;;;;;;;;;;;;;;;;;;;;;;;;;;;;;;;;;;;;;;;;;;;;;;;;;;;;;
;;;;;;;;;;;;;;;;;;;;;;;;;;;;;;;;;;;;;;;;;;;;;;;;;;;;;;;;;;;
;;;;;;;;;;;;;;;;;;;;;;;;;;;;;;;;;;;;;;;;;;;;;;;;;;;;;;;;;;;
;;;;;;;;;;;;;;;;;;;;;;;;;;;;;;;;;;;;;;;;;;;;;;;;;;;;;;;;;;;
;;;;;;;;;;;;;;;;;;;;;;;;;;;;;;;;;;;;;;;;;;;;;;;;;;;;;;;;;;;
;;;;;;;;;;;;;;;;;;;;;;;;;;;;;;;;;;;;;;;;;;;;;;;;;;;;;;;;;;;
;;;;;;;;;;;;;;;;;;;;;;;;;;;;;;;;;;;;;;;;;;;;;;;;;;;;;;;;;;;
;;;;;;;;;;;;;;;;;;;;;;;;;;;;;;;;;;;;;;;;;;;;;;;;;;;;;;;;;;;
;;;;;;;;;;;;;;;;;;;;;;;;;;;;;;;;;;;;;;;;;;;;;;;;;;;;;;;;;;;
;;;;;;;;;;;;;;;;;;;;;;;;;;;;;;;;;;;;;;;;;;;;;;;;;;;;;;;;;;;
;;;;;;;;;;;;;;;;;;;;;;;;;;;;;;;;;;;;;;;;;;;;;;;;;;;;;;;;;;;
;;;;;;;;;;;;;;;;;;;;;;;;;;;;;;;;;;;;;;;;;;;;;;;;;;;;;;;;;;;
;;;;;;;;;;;;;;;;;;;;;;;;;;;;;;;;;;;;;;;;;;;;;;;;;;;;;;;;;;;
;;;;;;;;;;;;;;;;;;;;;;;;;;;;;;;;;;;;;;;;;;;;;;;;;;;;;;;;;;;
;;;;;;;;;;;;;;;;;;;;;;;;;;;;;;;;;;;;;;;;;;;;;;;;;;;;;;;;;;;
;;;;;;;;;;;;;;;;;;;;;;;;;;;;;;;;;;;;;;;;;;;;;;;;;;;;;;;;;;;
;;;;;;;;;;;;;;;;;;;;;;;;;;;;;;;;;;;;;;;;;;;;;;;;;;;;;;;;;;;
;;;;;;;;;;;;;;;;;;;;;;;;;;;;;;;;;;;;;;;;;;;;;;;;;;;;;;;;;;;
;;;;;;;;;;;;;;;;;;;;;;;;;;;;;;;;;;;;;;;;;;;;;;;;;;;;;;;;;;;
;;;;;;;;;;;;;;;;;;;;;;;;;;;;;;;;;;;;;;;;;;;;;;;;;;;;;;;;;;;
;;;;;;;;;;;;;;;;;;;;;;;;;;;;;;;;;;;;;;;;;;;;;;;;;;;;;;;;;;;
;;;;;;;;;;;;;;;;;;;;;;;;;;;;;;;;;;;;;;;;;;;;;;;;;;;;;;;;;;;
;;;;;;;;;;;;;;;;;;;;;;;;;;;;;;;;;;;;;;;;;;;;;;;;;;;;;;;;;;;
;;;;;;;;;;;;;;;;;;;;;;;;;;;;;;;;;;;;;;;;;;;;;;;;;;;;;;;;;;;
;;;;;;;;;;;;;;;;;;;;;;;;;;;;;;;;;;;;;;;;;;;;;;;;;;;;;;;;;;;
;;;;;;;;;;;;;;;;;;;;;;;;;;;;;;;;;;;;;;;;;;;;;;;;;;;;;;;;;;;
;;;;;;;;;;;;;;;;;;;;;;;;;;;;;;;;;;;;;;;;;;;;;;;;;;;;;;;;;;;
;;;;;;;;;;;;;;;;;;;;;;;;;;;;;;;;;;;;;;;;;;;;;;;;;;;;;;;;;;;
;;;;;;;;;;;;;;;;;;;;;;;;;;;;;;;;;;;;;;;;;;;;;;;;;;;;;;;;;;;
;;;;;;;;;;;;;;;;;;;;;;;;;;;;;;;;;;;;;;;;;;;;;;;;;;;;;;;;;;;
;;;;;;;;;;;;;;;;;;;;;;;;;;;;;;;;;;;;;;;;;;;;;;;;;;;;;;;;;;;
;;;;;;;;;;;;;;;;;;;;;;;;;;;;;;;;;;;;;;;;;;;;;;;;;;;;;;;;;;;
;;;;;;;;;;;;;;;;;;;;;;;;;;;;;;;;;;;;;;;;;;;;;;;;;;;;;;;;;;;
;;;;;;;;;;;;;;;;;;;;;;;;;;;;;;;;;;;;;;;;;;;;;;;;;;;;;;;;;;;
;;;;;;;;;;;;;;;;;;;;;;;;;;;;;;;;;;;;;;;;;;;;;;;;;;;;;;;;;;;
;;;;;;;;;;;;;;;;;;;;;;;;;;;;;;;;;;;;;;;;;;;;;;;;;;;;;;;;;;;
